Chatbot Condition,Average of Negative probability,Average of Positive probability,Sample size,Average duration
"misc
",0.0,0.0,1,0.0
"
",0.4300595238095238,0.569940476190476,1,150.0
"test2
",0.0,0.0,1,-1.0
"banana
",0.0,0.0,1,-1.0
"C02
",0.5855753811388537,0.41442461886114546,10,185.6
"C03
",0.5053306427521103,0.49466935724788924,10,179.9
"C00
",0.639676590208584,0.36032340979141597,9,134.44444444444446
"C01
",0.4412706809547885,0.5587293190452115,9,183.33333333333334
