Chatbot Condition,Average of Negative probability,Average of Positive probability,Sample size
"misc
",0.0,0.0,2
"
",0.2150297619047619,0.284970238095238,2
"test2
",0.0,0.0,1
"banana
",0.0,0.0,1
"C02
",0.532341255580776,0.37674965351013223,11
"C03
",0.45939149341100927,0.4496994156798993,11
"C00
",0.5757089311877256,0.3242910688122744,10
"C01
",0.39714361285930966,0.5028563871406904,10
