Condition,Average Age
"misc
",0
"
",0
"test2
",0
"banana
",0
"C02
",29.3
"C03
",34.9
"C00
",30.88888888888889
"C01
",46.333333333333336
